tick,action,action_name,reward,total_reward,energy,food_eaten,pos_x,pos_y,local_food_count,local_poison_count,nearest_food_dx,nearest_food_dy,nearest_poison_dx,nearest_poison_dy,network_active_nodes,network_connections,network_avg_threshold,last_output_activations
0,4,EAST,-1.0,-1.0,99.0,0,10,5,0,0,2,-2,-3,2,1,19,0.5,0.000|0.000|0.000|0.000|0.000|0.000
1,1,NORTH,-1.0,-2.0,98.0,0,11,5,0,0,1,-2,-4,2,1,19,0.5,0.000|0.000|0.000|0.000|0.000|0.000
2,4,EAST,-1.0,-3.0,97.0,0,11,4,1,0,1,-1,-4,3,0,18,0.5,0.000|0.000|0.000|0.000|0.000|0.000
3,1,NORTH,-1.0,-4.0,96.0,0,12,4,1,0,0,-1,-5,3,1,19,0.5,0.000|0.000|0.000|0.000|0.000|0.000
4,5,EAT,32.0,28.0,128.0,1,12,3,1,0,0,0,-5,4,2,18,0.5,0.000|0.000|0.000|0.000|0.000|0.000
5,3,WEST,-1.0,27.0,127.0,1,12,3,0,0,-4,-2,-5,4,2,19,0.5,0.000|0.000|0.000|0.000|0.000|0.000
6,0,STAY,-0.5,26.5,126.5,1,11,3,0,0,-3,-2,-4,4,5,20,0.5,0.000|0.000|0.000|0.000|0.000|0.000
7,0,STAY,-0.5,26.0,126.0,1,11,3,0,0,-3,-2,-4,4,5,22,0.5,0.000|0.000|0.000|0.000|0.000|0.000
8,0,STAY,-0.5,25.5,125.5,1,11,3,0,0,-3,-2,-4,4,5,21,0.5,0.000|0.000|0.000|0.000|0.000|0.000
9,3,WEST,-1.0,24.5,124.5,1,11,3,0,0,-3,-2,-4,4,1,10,0.5,0.000|0.000|0.000|0.000|0.000|0.000
10,0,STAY,-0.5,24.0,124.0,1,10,3,0,0,-2,-2,-3,4,5,15,0.5,0.000|0.000|0.000|0.000|0.000|0.000
11,3,WEST,-1.0,23.0,123.0,1,10,3,0,0,-2,-2,-3,4,1,15,0.5,0.000|0.000|0.000|0.000|0.000|0.000
12,1,NORTH,-1.0,22.0,122.0,1,9,3,0,0,-1,-2,-2,4,1,17,0.5,0.000|0.000|0.000|0.000|0.000|0.000
13,0,STAY,-0.5,21.5,121.5,1,9,2,1,0,-1,-1,-6,-1,6,21,0.5,0.000|0.000|0.000|0.000|0.000|0.000
14,0,STAY,-0.5,21.0,121.0,1,9,2,1,0,-1,-1,-6,-1,4,20,0.5,0.000|0.000|0.000|0.000|0.000|0.000
15,0,STAY,-0.5,20.5,120.5,1,9,2,1,0,-1,-1,-6,-1,6,17,0.5,0.000|0.000|0.000|0.000|0.000|0.000
16,0,STAY,-0.5,20.0,120.0,1,9,2,1,0,-1,-1,-6,-1,6,18,0.5,0.000|0.000|0.000|0.000|0.000|0.000
17,0,STAY,-0.5,19.5,119.5,1,9,2,1,0,-1,-1,-6,-1,5,22,0.5,0.000|0.000|0.000|0.000|0.000|0.000
18,0,STAY,-0.5,19.0,119.0,1,9,2,1,0,-1,-1,-6,-1,5,21,0.5,0.000|0.000|0.000|0.000|0.000|0.000
19,4,EAST,-1.0,18.0,118.0,1,9,2,1,0,-1,-1,-6,-1,3,11,0.5,0.000|0.000|0.000|0.000|0.000|0.000
20,0,STAY,-0.5,17.5,117.5,1,10,2,0,0,-2,-1,-3,5,5,8,0.5,0.000|0.000|0.000|0.000|0.000|0.000
21,1,NORTH,-1.0,16.5,116.5,1,10,2,0,0,-2,-1,-3,5,3,11,0.5,0.000|0.000|0.000|0.000|0.000|0.000
22,0,STAY,-0.5,16.0,116.0,1,10,1,0,0,-2,0,-7,0,3,10,0.5,0.000|0.000|0.000|0.000|0.000|0.000
23,4,EAST,-1.0,15.0,115.0,1,10,1,0,0,-2,0,-7,0,3,10,0.5,0.000|0.000|0.000|0.000|0.000|0.000
24,0,STAY,-0.5,14.5,114.5,1,11,1,0,0,-3,0,-8,0,3,13,0.5,0.000|0.000|0.000|0.000|0.000|0.000
25,3,WEST,-1.0,13.5,113.5,1,11,1,0,0,-3,0,-8,0,3,14,0.5,0.000|0.000|0.000|0.000|0.000|0.000
26,3,WEST,-1.0,12.5,112.5,1,10,1,0,0,-2,0,-7,0,2,13,0.5,0.000|0.000|0.000|0.000|0.000|0.000
27,0,STAY,-0.5,12.0,112.0,1,9,1,1,0,-1,0,-6,0,3,15,0.5,0.000|0.000|0.000|0.000|0.000|0.000
28,3,WEST,-1.0,11.0,111.0,1,9,1,1,0,-1,0,-6,0,2,14,0.5,0.000|0.000|0.000|0.000|0.000|0.000
29,5,EAT,28.0,39.0,139.0,2,8,1,2,0,0,0,-5,0,3,10,0.5,0.000|0.000|0.000|0.000|0.000|0.000
30,0,STAY,-0.5,38.5,138.5,2,8,1,1,0,-1,0,-5,0,4,13,0.5,0.000|0.000|0.000|0.000|0.000|0.000
31,3,WEST,-1.0,37.5,137.5,2,8,1,1,0,-1,0,-5,0,3,12,0.5,0.000|0.000|0.000|0.000|0.000|0.000
32,5,EAT,38.0,75.5,175.5,3,7,1,2,0,0,0,-4,0,2,13,0.5,0.000|0.000|0.000|0.000|0.000|0.000
33,3,WEST,-1.0,74.5,174.5,3,7,1,1,0,-1,-1,-4,0,1,13,0.5,0.000|0.000|0.000|0.000|0.000|0.000
34,1,NORTH,-1.0,73.5,173.5,3,6,1,1,0,0,-1,-3,0,1,13,0.5,0.000|0.000|0.000|0.000|0.000|0.000
35,5,EAT,32.0,105.5,200.0,4,6,0,1,0,0,0,-3,1,2,13,0.5,0.000|0.000|0.000|0.000|0.000|0.000
36,2,SOUTH,-1.0,104.5,199.0,4,6,0,0,0,-2,3,-3,1,1,13,0.5,0.000|0.000|0.000|0.000|0.000|0.000
37,0,STAY,-0.5,104.0,198.5,4,6,1,0,0,-2,2,-3,0,4,18,0.5,0.000|0.000|0.000|0.000|0.000|0.000
38,3,WEST,-1.0,103.0,197.5,4,6,1,0,0,-2,2,-3,0,2,15,0.5,0.000|0.000|0.000|0.000|0.000|0.000
39,0,STAY,-0.5,102.5,197.0,4,5,1,0,0,-1,2,-2,0,4,13,0.5,0.000|0.000|0.000|0.000|0.000|0.000
40,4,EAST,-1.0,101.5,196.0,4,5,1,0,0,-1,2,-2,0,1,11,0.5,0.000|0.000|0.000|0.000|0.000|0.000
41,0,STAY,-0.5,101.0,195.5,4,6,1,0,0,-2,2,-3,0,4,17,0.5,0.000|0.000|0.000|0.000|0.000|0.000
42,0,STAY,-0.5,100.5,195.0,4,6,1,0,0,-2,2,-3,0,5,16,0.5,0.000|0.000|0.000|0.000|0.000|0.000
43,3,WEST,-1.0,99.5,194.0,4,6,1,0,0,-2,2,-3,0,3,14,0.5,0.000|0.000|0.000|0.000|0.000|0.000
44,2,SOUTH,-1.0,98.5,193.0,4,5,1,0,0,-1,2,-2,0,2,15,0.5,0.000|0.000|0.000|0.000|0.000|0.000
45,3,WEST,-1.0,97.5,192.0,4,5,2,1,0,-1,1,-2,-1,1,14,0.5,0.000|0.000|0.000|0.000|0.000|0.000
46,2,SOUTH,-1.0,96.5,191.0,4,4,2,1,1,0,1,-1,-1,2,16,0.5,0.000|0.000|0.000|0.000|0.000|0.000
47,5,EAT,23.0,119.5,200.0,5,4,3,1,0,0,0,-1,-2,2,16,0.5,0.000|0.000|0.000|0.000|0.000|0.000
48,0,STAY,-0.5,119.0,199.5,5,4,3,0,0,-1,2,-1,-2,5,19,0.5,0.000|0.000|0.000|0.000|0.000|0.000
49,2,SOUTH,-1.0,118.0,198.5,5,4,3,0,0,-1,2,-1,-2,4,18,0.5,0.000|0.000|0.576|0.000|0.000|0.000
50,0,STAY,-0.5,117.5,198.0,5,4,4,1,0,-1,1,-1,-3,4,20,0.5,0.000|0.000|0.000|0.000|0.000|0.000
51,3,WEST,-1.0,116.5,197.0,5,4,4,1,0,-1,1,-1,-3,3,21,0.5,0.000|0.000|0.000|0.000|0.000|0.000
52,2,SOUTH,-1.0,115.5,196.0,5,3,4,2,0,0,1,0,-3,2,22,0.5,0.000|0.000|0.000|0.000|0.000|0.000
53,5,EAT,38.0,153.5,200.0,6,3,5,2,0,0,0,0,-4,3,22,0.5,0.000|0.000|0.000|0.000|0.000|0.000
54,3,WEST,-1.0,152.5,199.0,6,3,5,1,0,-1,0,0,-4,2,23,0.5,0.000|0.000|0.000|0.000|0.000|0.000
55,5,EAT,29.0,181.5,200.0,7,2,5,1,0,0,0,-1,3,2,21,0.5,0.000|0.000|0.000|0.000|0.000|0.000
56,2,SOUTH,-1.0,180.5,199.0,7,2,5,0,0,2,3,-1,3,2,23,0.5,0.000|0.000|0.000|0.000|0.000|0.000
57,0,STAY,-0.5,180.0,198.5,7,2,6,0,0,2,2,-1,2,5,26,0.5,0.000|0.000|0.000|0.000|0.000|0.000
58,4,EAST,-1.0,179.0,197.5,7,2,6,0,0,2,2,-1,2,3,23,0.5,0.000|0.000|0.000|0.000|0.000|0.000
59,0,STAY,-0.5,178.5,197.0,7,3,6,0,0,1,2,-2,2,5,12,0.5,0.000|0.000|0.000|0.000|0.000|0.000
60,2,SOUTH,-1.0,177.5,196.0,7,3,6,0,0,-1,2,3,-1,2,12,0.5,0.000|0.000|0.000|0.000|0.000|0.000
61,0,STAY,-0.5,177.0,195.5,7,3,7,2,0,-1,1,-2,1,6,19,0.5,0.000|0.000|0.000|0.000|0.000|0.000
62,3,WEST,-1.0,176.0,194.5,7,3,7,2,0,-1,1,-2,1,3,20,0.5,0.522|0.000|0.000|0.000|0.000|0.000
63,0,STAY,-0.5,175.5,194.0,7,2,7,1,1,0,1,-1,1,6,31,0.5,0.000|0.000|0.000|0.000|0.000|0.000
64,2,SOUTH,-1.0,174.5,193.0,7,2,7,1,1,0,1,-1,1,2,25,0.5,0.000|0.000|0.000|0.000|0.000|0.000
65,5,EAT,18.0,192.5,200.0,8,2,8,1,3,0,0,-1,0,2,29,0.5,0.000|0.000|0.000|0.000|0.000|0.000
66,4,EAST,-1.0,191.5,199.0,8,2,8,0,3,2,0,-1,0,1,28,0.5,0.000|0.000|0.000|0.000|0.000|0.000
67,4,EAST,-1.0,190.5,198.0,8,3,8,1,1,1,0,-2,0,1,28,0.5,0.000|0.000|0.000|0.000|0.000|0.000
68,5,EAT,36.0,226.5,200.0,9,4,8,1,0,0,0,-3,0,2,32,0.5,0.000|0.000|0.000|0.000|0.000|0.000
69,0,STAY,-0.5,226.0,199.5,9,4,8,0,0,-4,1,-3,0,4,11,0.5,0.000|0.000|0.000|0.000|0.000|0.000
70,3,WEST,-1.0,225.0,198.5,9,4,8,0,0,-4,1,-3,0,2,15,0.5,0.000|0.000|0.000|0.000|0.000|0.000
71,0,STAY,-0.5,224.5,198.0,9,3,8,0,1,-3,1,-2,0,5,20,0.5,0.000|0.000|0.000|0.000|0.000|0.000
72,3,WEST,-1.0,223.5,197.0,9,3,8,0,1,-3,1,-2,0,4,21,0.5,0.000|0.000|0.000|0.000|0.000|0.000
73,3,WEST,-1.0,222.5,196.0,9,2,8,0,3,-2,1,-1,0,1,21,0.5,0.000|0.000|0.000|0.000|0.000|0.000
74,4,EAST,-1.0,221.5,195.0,9,1,8,1,3,-1,1,0,0,2,24,0.5,0.000|0.000|0.000|0.000|0.000|0.000
75,3,WEST,-1.0,220.5,194.0,9,2,8,0,3,-2,1,-1,0,2,22,0.5,0.000|0.000|0.000|0.000|0.000|0.000
76,1,NORTH,-1.0,219.5,193.0,9,1,8,1,3,-1,1,0,0,2,23,0.5,0.000|0.000|0.000|0.000|0.000|0.000
77,2,SOUTH,-1.0,218.5,192.0,9,1,7,0,1,-1,2,0,1,1,23,0.5,0.000|0.000|0.000|0.000|0.000|0.000
78,1,NORTH,-1.0,217.5,191.0,9,1,8,1,3,-1,1,0,0,2,22,0.5,0.000|0.000|0.000|0.000|0.000|0.000
79,0,STAY,-0.5,217.0,190.5,9,1,7,0,1,-1,2,0,1,5,16,0.5,0.000|0.000|0.000|0.000|0.000|0.000
80,0,STAY,-0.5,216.5,190.0,9,1,7,0,1,-1,2,0,1,5,19,0.5,0.000|0.000|0.000|0.000|0.000|0.000
81,2,SOUTH,-1.0,215.5,189.0,9,1,7,0,1,-1,2,0,1,2,20,0.5,0.000|0.000|0.000|0.000|0.000|0.000
82,4,EAST,-1.0,214.5,188.0,9,1,8,1,3,-1,1,0,0,2,20,0.5,0.000|0.000|0.000|0.000|0.000|0.000
83,0,STAY,-0.5,214.0,187.5,9,2,8,0,3,-2,1,-1,0,5,27,0.5,0.000|0.000|0.000|0.000|0.000|0.000
84,1,NORTH,-1.0,213.0,186.5,9,2,8,0,3,-2,1,-1,0,5,24,0.5,0.000|0.601|0.000|0.000|0.000|0.000
85,3,WEST,-1.0,212.0,185.5,9,2,7,0,1,-2,2,-1,1,2,25,0.5,0.000|0.551|0.000|0.000|0.000|0.000
86,0,STAY,-0.5,211.5,185.0,9,1,7,0,1,-1,2,0,1,5,28,0.5,0.000|0.000|0.000|0.000|0.000|0.000
87,2,SOUTH,-1.0,210.5,184.0,9,1,7,0,1,-1,2,0,1,3,25,0.5,0.000|0.000|0.000|0.000|0.000|0.000
88,4,EAST,-1.0,209.5,183.0,9,1,8,1,3,-1,1,0,0,2,24,0.5,0.000|0.000|0.000|0.000|0.000|0.000
89,0,STAY,-0.5,209.0,182.5,9,2,8,0,3,-2,1,-1,0,5,17,0.5,0.000|0.000|0.000|0.000|0.000|0.000
90,0,STAY,-0.5,208.5,182.0,9,2,8,0,3,-2,1,-1,0,4,14,0.5,0.000|0.000|0.000|0.000|0.000|0.000
91,0,STAY,-0.5,208.0,181.5,9,2,8,0,3,-2,1,-1,0,4,17,0.5,0.000|0.000|0.000|0.000|0.000|0.000
92,3,WEST,-1.0,207.0,180.5,9,2,8,0,3,-2,1,-1,0,1,16,0.5,0.000|0.000|0.000|0.000|0.000|0.000
93,3,WEST,-1.0,206.0,179.5,9,1,8,1,3,-1,1,0,0,2,16,0.5,0.000|0.000|0.000|0.000|0.000|0.000
94,3,WEST,-1.0,205.0,178.5,9,0,8,1,2,0,1,1,0,1,16,0.5,0.000|0.000|0.000|0.000|0.000|0.000
95,2,SOUTH,-1.0,204.0,177.5,9,0,8,1,2,0,1,1,0,1,19,0.5,0.000|0.000|0.000|0.000|0.000|0.000
96,5,EAT,35.0,239.0,200.0,10,0,9,1,2,0,0,1,0,2,17,0.5,0.000|0.000|0.000|0.000|0.000|0.000
97,4,EAST,-1.0,238.0,199.0,10,0,9,0,2,8,0,1,0,2,18,0.5,0.000|0.000|0.000|0.000|0.000|0.000
98,4,EAST,-1.0,237.0,198.0,10,1,9,0,3,7,0,0,0,3,18,0.5,0.000|0.000|0.000|0.000|0.000|0.000
99,2,SOUTH,-1.0,236.0,197.0,10,2,9,0,3,6,0,0,0,3,17,0.5,0.000|0.000|0.000|0.000|0.000|0.000
100,3,WEST,-1.0,235.0,196.0,10,2,9,0,3,6,0,0,0,3,16,0.5,0.000|0.000|0.000|0.000|0.000|0.000
101,4,EAST,-1.0,234.0,195.0,10,1,9,0,3,0,-6,0,0,3,16,0.5,0.000|0.000|0.000|0.000|0.000|0.000
102,3,WEST,-1.0,233.0,194.0,10,2,9,0,3,6,0,0,0,4,18,0.5,0.000|0.000|0.000|0.000|0.000|0.000
103,2,SOUTH,-1.0,232.0,193.0,10,1,9,0,3,0,-6,0,0,4,18,0.5,0.000|0.000|0.000|0.000|0.000|0.000
104,3,WEST,-1.0,231.0,192.0,10,1,9,0,3,0,-6,0,0,4,19,0.5,0.000|0.000|0.000|0.000|0.000|0.000
105,1,NORTH,-1.0,230.0,191.0,10,0,9,0,2,1,-6,1,0,2,19,0.5,0.000|0.000|0.000|0.000|0.000|0.000
106,3,WEST,-1.0,229.0,190.0,10,0,8,0,2,1,-5,1,0,2,18,0.5,0.000|0.000|0.000|0.000|0.000|0.000
107,0,STAY,-0.5,228.5,189.5,10,0,8,0,2,1,-5,1,0,4,20,0.5,0.000|0.000|0.000|0.000|0.000|0.000
108,1,NORTH,-1.0,227.5,188.5,10,0,8,0,2,1,-5,1,0,3,20,0.5,0.000|0.000|0.000|0.000|0.000|0.000
109,3,WEST,-1.0,226.5,187.5,10,0,7,0,1,1,-4,1,1,1,9,0.5,0.000|0.000|0.000|0.000|0.000|0.000
110,3,WEST,-1.0,225.5,186.5,10,0,7,0,1,1,-4,1,1,1,9,0.5,0.000|0.000|0.000|0.000|0.000|0.000
111,0,STAY,-0.5,225.0,186.0,10,0,7,0,1,1,-4,1,1,6,15,0.5,0.000|0.000|0.000|0.000|0.000|0.000
112,1,NORTH,-1.0,224.0,185.0,10,0,7,0,1,1,-4,1,1,1,14,0.5,0.000|0.000|0.000|0.000|0.000|0.000
113,1,NORTH,-1.0,223.0,184.0,10,0,6,0,0,1,-3,1,2,1,14,0.5,0.000|0.000|0.000|0.000|0.000|0.000
114,1,NORTH,-1.0,222.0,183.0,10,0,5,0,0,1,-2,1,3,1,14,0.5,0.000|0.000|0.000|0.000|0.000|0.000
115,2,SOUTH,-1.0,221.0,182.0,10,0,4,1,0,1,-1,1,-3,1,14,0.5,0.000|0.000|0.000|0.000|0.000|0.000
116,1,NORTH,-1.0,220.0,181.0,10,0,5,0,0,1,-2,1,3,1,14,0.5,0.000|0.000|0.000|0.000|0.000|0.000
117,4,EAST,-1.0,219.0,180.0,10,0,4,1,0,1,-1,1,-3,1,14,0.5,0.000|0.000|0.000|0.000|0.000|0.000
118,1,NORTH,-1.0,218.0,179.0,10,1,4,1,0,0,-1,0,-3,1,15,0.5,0.000|0.000|0.000|0.000|0.000|0.000
119,5,EAT,36.0,254.0,200.0,11,1,3,1,0,0,0,0,-2,2,15,0.5,0.000|0.000|0.000|0.000|0.000|0.000
120,2,SOUTH,-1.0,253.0,199.0,11,1,3,0,0,0,-3,0,-2,1,15,0.5,0.000|0.000|0.000|0.000|0.000|0.000
121,0,STAY,-0.5,252.5,198.5,11,1,4,0,0,0,-4,0,-3,3,17,0.5,0.000|0.000|0.000|0.000|0.000|0.000
122,1,NORTH,-1.0,251.5,197.5,11,1,4,0,0,0,-4,0,-3,2,18,0.5,0.000|0.000|0.000|0.000|0.000|0.000
123,1,NORTH,-1.0,250.5,196.5,11,1,3,0,0,0,-3,0,-2,1,18,0.5,0.000|0.000|0.000|0.000|0.000|0.000
124,0,STAY,-0.5,250.0,196.0,11,1,2,0,1,0,-2,0,-1,3,20,0.5,0.000|0.000|0.000|0.000|0.000|0.000
125,1,NORTH,-1.0,249.0,195.0,11,1,2,0,1,0,-2,0,-1,2,20,0.5,0.000|0.000|0.000|0.000|0.000|0.000
126,2,SOUTH,-1.0,248.0,194.0,11,1,1,1,1,0,-1,0,0,2,21,0.5,0.000|0.000|0.000|0.000|0.000|0.000
127,2,SOUTH,-1.0,247.0,193.0,11,1,2,0,1,0,-2,0,-1,1,22,0.5,0.000|0.000|0.000|0.000|0.000|0.000
128,1,NORTH,-1.0,246.0,192.0,11,1,3,0,0,0,-3,0,-2,1,22,0.5,0.000|0.000|0.000|0.000|0.000|0.000
129,1,NORTH,-1.0,245.0,191.0,11,1,2,0,1,0,-2,0,-1,1,22,0.5,0.000|0.000|0.000|0.000|0.000|0.000
130,4,EAST,-1.0,244.0,190.0,11,1,1,1,1,0,-1,0,0,2,22,0.5,0.000|0.000|0.000|0.000|0.000|0.000
131,3,WEST,-1.0,243.0,189.0,11,2,1,1,2,-1,-1,1,0,1,20,0.5,0.000|0.000|0.000|0.000|0.000|0.000
132,1,NORTH,-1.0,242.0,188.0,11,1,1,1,1,0,-1,0,0,2,20,0.5,0.000|0.000|0.000|0.000|0.000|0.000
133,5,EAT,24.0,266.0,200.0,12,1,0,1,1,0,0,0,1,2,18,0.5,0.000|0.000|0.000|0.000|0.000|0.000
134,0,STAY,-0.5,265.5,199.5,12,1,0,0,1,3,0,0,1,3,18,0.5,0.000|0.000|0.000|0.000|0.000|0.000
135,1,NORTH,-1.0,264.5,198.5,12,1,0,0,1,3,0,0,1,1,18,0.5,0.000|0.000|0.000|0.000|0.000|0.000
136,4,EAST,-1.0,263.5,197.5,12,1,0,0,1,3,0,0,1,1,19,0.5,0.000|0.000|0.000|0.000|0.000|0.000
137,0,STAY,-0.5,263.0,197.0,12,2,0,0,2,2,0,1,1,5,23,0.5,0.000|0.000|0.000|0.000|0.000|0.000
138,4,EAST,-1.0,262.0,196.0,12,2,0,0,2,2,0,1,1,1,21,0.5,0.000|0.000|0.000|0.000|0.000|0.000
139,1,NORTH,-1.0,261.0,195.0,12,3,0,1,1,1,0,0,1,1,12,0.5,0.000|0.000|0.000|0.000|0.000|0.000
140,4,EAST,-1.0,260.0,194.0,12,3,0,1,1,1,0,0,1,1,12,0.5,0.000|0.000|0.000|0.000|0.000|0.000
141,5,EAT,22.0,282.0,200.0,13,4,0,1,1,0,0,-1,1,2,12,0.5,0.000|0.000|0.000|0.000|0.000|0.000
142,0,STAY,-0.5,281.5,199.5,13,4,0,0,1,7,0,-1,1,3,14,0.5,0.000|0.000|0.000|0.000|0.000|0.000
143,4,EAST,-1.0,280.5,198.5,13,4,0,0,1,7,0,-1,1,3,15,0.5,0.000|0.000|0.000|0.000|0.000|0.000
144,4,EAST,-1.0,279.5,197.5,13,5,0,0,0,6,0,-2,1,2,16,0.5,0.000|0.000|0.000|0.000|0.000|0.000
145,4,EAST,-1.0,278.5,196.5,13,6,0,0,0,5,0,0,3,2,15,0.5,0.000|0.000|0.000|0.000|0.000|0.000
146,0,STAY,-0.5,278.0,196.0,13,7,0,0,0,4,0,-1,3,3,16,0.5,0.000|0.000|0.000|0.000|0.000|0.000
147,4,EAST,-1.0,277.0,195.0,13,7,0,0,0,4,0,-1,3,1,19,0.5,0.000|0.000|0.000|0.000|0.000|0.000
148,4,EAST,-1.0,276.0,194.0,13,8,0,0,0,3,0,-2,3,1,17,0.5,0.000|0.000|0.000|0.000|0.000|0.000
149,4,EAST,-1.0,275.0,193.0,13,9,0,0,0,2,0,5,0,2,19,0.5,0.000|0.000|0.000|0.000|0.000|0.000
150,0,STAY,-0.5,274.5,192.5,13,10,0,1,0,1,0,4,0,3,21,0.5,0.000|0.000|0.000|0.000|0.000|0.000
151,3,WEST,-1.0,273.5,191.5,13,10,0,1,0,1,0,4,0,2,20,0.5,0.000|0.000|0.000|0.000|0.000|0.000
152,4,EAST,-1.0,272.5,190.5,13,9,0,0,0,2,0,5,0,2,22,0.5,0.000|0.000|0.000|0.000|0.000|0.000
153,0,STAY,-0.5,272.0,190.0,13,10,0,1,0,1,0,4,0,2,22,0.5,0.000|0.000|0.000|0.000|0.000|0.000
154,4,EAST,-1.0,271.0,189.0,13,10,0,1,0,1,0,4,0,2,19,0.5,0.000|0.000|0.000|0.000|0.000|0.000
155,5,EAT,18.0,289.0,200.0,14,11,0,1,0,0,0,3,0,3,18,0.5,0.000|0.000|0.000|0.000|0.000|0.000
156,0,STAY,-0.5,288.5,199.5,14,11,0,0,0,2,2,3,0,4,21,0.5,0.000|0.000|0.000|0.000|0.000|0.000
157,0,STAY,-0.5,288.0,199.0,14,11,0,0,0,2,2,3,0,5,25,0.5,0.000|0.000|0.000|0.000|0.000|0.000
158,3,WEST,-1.0,287.0,198.0,14,11,0,0,0,2,2,3,0,3,20,0.5,0.000|0.000|0.000|0.000|0.000|0.000
159,4,EAST,-1.0,286.0,197.0,14,10,0,0,0,3,2,4,0,2,10,0.5,0.000|0.000|0.000|0.000|0.000|0.000
160,4,EAST,-1.0,285.0,196.0,14,11,0,0,0,2,2,3,0,2,12,0.5,0.000|0.000|0.000|0.000|0.000|0.000
161,0,STAY,-0.5,284.5,195.5,14,12,0,0,0,1,2,2,0,4,15,0.5,0.000|0.000|0.000|0.000|0.000|0.000
162,2,SOUTH,-1.0,283.5,194.5,14,12,0,0,0,1,2,2,0,3,17,0.5,0.000|0.000|0.620|0.000|0.000|0.000
163,4,EAST,-1.0,282.5,193.5,14,12,1,1,0,1,1,0,2,1,17,0.5,0.000|0.000|0.000|0.000|0.000|0.000
164,2,SOUTH,-1.0,281.5,192.5,14,13,1,2,1,0,1,1,-1,2,20,0.5,0.000|0.000|0.000|0.000|0.000|0.000
165,5,EAT,30.0,311.5,200.0,15,13,2,4,1,0,0,-1,1,2,19,0.5,0.000|0.000|0.000|0.000|0.000|0.000
166,4,EAST,-1.0,310.5,199.0,15,13,2,3,1,1,0,-1,1,2,20,0.5,0.000|0.000|0.000|0.000|0.000|0.000
167,5,EAT,36.0,346.5,200.0,16,14,2,4,0,0,0,0,-2,2,19,0.5,0.000|0.000|0.000|0.000|0.000|0.000
168,2,SOUTH,-1.0,345.5,199.0,16,14,2,3,0,0,1,0,-2,1,16,0.5,0.000|0.000|0.000|0.000|0.000|0.000
169,5,EAT,32.0,377.5,200.0,17,14,3,4,0,0,0,-2,0,2,11,0.5,0.000|0.000|0.000|0.000|0.000|0.000
170,0,STAY,-0.5,377.0,199.5,17,14,3,3,0,-1,0,-2,0,4,11,0.5,0.000|0.000|0.000|0.000|0.000|0.000
171,3,WEST,-1.0,376.0,198.5,17,14,3,3,0,-1,0,-2,0,1,11,0.5,0.000|0.000|0.000|0.000|0.000|0.000
172,5,EAT,32.0,408.0,200.0,18,13,3,1,1,0,0,-1,0,2,14,0.5,0.000|0.000|0.000|0.000|0.000|0.000
173,4,EAST,-1.0,407.0,199.0,18,13,3,0,1,2,0,-1,0,1,14,0.5,0.000|0.000|0.000|0.000|0.000|0.000
174,0,STAY,-0.5,406.5,198.5,18,14,3,2,0,1,0,-2,0,4,15,0.5,0.000|0.000|0.000|0.000|0.000|0.000
175,4,EAST,-1.0,405.5,197.5,18,14,3,2,0,1,0,-2,0,3,15,0.5,0.000|0.000|0.000|0.000|0.000|0.000
176,5,EAT,36.0,441.5,200.0,19,15,3,4,0,0,0,-3,0,3,15,0.5,0.000|0.000|0.000|0.000|0.000|0.000
177,2,SOUTH,-1.0,440.5,199.0,19,15,3,3,0,0,1,-3,0,1,14,0.5,0.000|0.000|0.000|0.000|0.000|0.000
178,5,EAT,38.0,478.5,200.0,20,15,4,3,1,0,0,2,0,3,16,0.5,0.000|0.000|0.000|0.000|0.000|0.000
179,3,WEST,-1.0,477.5,199.0,20,15,4,2,1,1,-1,2,0,1,11,0.5,0.000|0.000|0.000|0.000|0.000|0.000
180,0,STAY,-0.5,477.0,198.5,20,14,4,1,0,0,1,-2,-1,5,14,0.5,0.000|0.000|0.000|0.000|0.000|0.000
181,2,SOUTH,-1.0,476.0,197.5,20,14,4,1,0,0,1,-2,-1,1,13,0.5,0.000|0.000|0.000|0.000|0.000|0.000
182,5,EAT,23.0,499.0,200.0,21,14,5,1,0,0,0,2,0,2,14,0.5,0.000|0.000|0.000|0.000|0.000|0.000
183,3,WEST,-1.0,498.0,199.0,21,14,5,0,0,-3,0,2,0,1,13,0.5,0.000|0.000|0.000|0.000|0.000|0.000
184,3,WEST,-1.0,497.0,198.0,21,13,5,0,0,-2,0,-1,-2,1,13,0.5,0.000|0.000|0.000|0.000|0.000|0.000
185,3,WEST,-1.0,496.0,197.0,21,12,5,1,1,-1,0,0,-2,1,12,0.5,0.000|0.000|0.000|0.000|0.000|0.000
186,5,EAT,38.0,534.0,200.0,22,11,5,1,1,0,0,0,1,2,13,0.5,0.000|0.000|0.000|0.000|0.000|0.000
187,1,NORTH,-1.0,533.0,199.0,22,11,5,0,1,-1,2,0,1,1,12,0.5,0.000|0.000|0.000|0.000|0.000|0.000
188,2,SOUTH,-1.0,532.0,198.0,22,11,4,0,1,-1,3,0,-2,1,11,0.5,0.000|0.000|0.000|0.000|0.000|0.000
189,0,STAY,-0.5,531.5,197.5,22,11,5,0,1,-1,2,0,1,4,16,0.5,0.000|0.000|0.000|0.000|0.000|0.000
190,0,STAY,-0.5,531.0,197.0,22,11,5,0,1,-1,2,0,1,4,15,0.5,0.000|0.000|0.000|0.000|0.000|0.000
191,2,SOUTH,-1.0,530.0,196.0,22,11,5,0,1,-1,2,0,1,1,15,0.5,0.000|0.000|0.000|0.000|0.000|0.000
192,2,SOUTH,-1.0,529.0,195.0,22,11,6,1,1,-1,1,0,0,2,13,0.5,0.000|0.000|0.000|0.000|0.000|0.000
193,0,STAY,-0.5,528.5,194.5,22,11,7,2,1,-1,0,0,-1,4,17,0.5,0.000|0.000|0.000|0.000|0.000|0.000
194,2,SOUTH,-1.0,527.5,193.5,22,11,7,2,1,-1,0,0,-1,1,15,0.5,0.000|0.000|0.000|0.000|0.000|0.000
195,0,STAY,-0.5,527.0,193.0,22,11,8,3,0,1,0,0,-2,4,17,0.5,0.000|0.000|0.000|0.000|0.000|0.000
196,2,SOUTH,-1.0,526.0,192.0,22,11,8,3,0,1,0,0,-2,2,15,0.5,0.000|0.000|0.000|0.000|0.000|0.000
197,0,STAY,-0.5,525.5,191.5,22,11,9,2,0,1,0,3,0,4,17,0.5,0.000|0.000|0.000|0.000|0.000|0.000
198,0,STAY,-0.5,525.0,191.0,22,11,9,2,0,1,0,3,0,3,18,0.5,0.000|0.000|0.000|0.000|0.000|0.000
199,4,EAST,-1.0,524.0,190.0,22,11,9,2,0,1,0,3,0,2,21,0.5,0.000|0.000|0.000|0.000|0.000|0.000
200,5,EAT,25.0,549.0,200.0,23,12,9,4,0,0,0,2,0,2,21,0.5,0.000|0.000|0.000|0.000|0.000|0.000
201,1,NORTH,-1.0,548.0,199.0,23,12,9,3,0,0,-1,2,0,1,21,0.5,0.000|0.000|0.000|0.000|0.000|0.000
202,5,EAT,34.0,582.0,200.0,24,12,8,4,0,0,0,2,1,2,23,0.5,0.000|0.000|0.000|0.000|0.000|0.000
203,3,WEST,-1.0,581.0,199.0,24,12,8,3,0,1,0,2,1,1,20,0.5,0.000|0.000|0.000|0.000|0.000|0.000
204,4,EAST,-1.0,580.0,198.0,24,11,8,1,0,2,0,0,-2,1,20,0.5,0.000|0.000|0.000|0.000|0.000|0.000
205,4,EAST,-1.0,579.0,197.0,24,12,8,3,0,1,0,2,1,1,20,0.5,0.000|0.000|0.000|0.000|0.000|0.000
206,5,EAT,37.0,616.0,200.0,25,13,8,3,1,0,0,1,1,2,20,0.5,0.000|0.000|0.000|0.000|0.000|0.000
207,1,NORTH,-1.0,615.0,199.0,25,13,8,2,1,0,-1,1,1,1,21,0.5,0.000|0.000|0.000|0.000|0.000|0.000
208,5,EAT,35.0,650.0,200.0,26,13,7,1,0,0,0,1,2,2,21,0.5,0.000|0.000|0.000|0.000|0.000|0.000
209,2,SOUTH,-1.0,649.0,199.0,26,13,7,0,0,0,2,1,2,1,18,0.5,0.000|0.000|0.000|0.000|0.000|0.000
210,2,SOUTH,-1.0,648.0,198.0,26,13,8,1,1,0,1,1,1,1,18,0.5,0.000|0.000|0.000|0.000|0.000|0.000
211,5,EAT,23.0,671.0,200.0,27,13,9,1,1,0,0,1,0,2,19,0.5,0.000|0.000|0.000|0.000|0.000|0.000
212,3,WEST,-1.0,670.0,199.0,27,13,9,0,1,2,0,1,0,1,19,0.5,0.000|0.000|0.000|0.000|0.000|0.000
213,0,STAY,-0.5,669.5,198.5,27,12,9,0,0,3,0,2,0,3,18,0.5,0.000|0.000|0.000|0.000|0.000|0.000
214,4,EAST,-1.0,668.5,197.5,27,12,9,0,0,3,0,2,0,1,20,0.5,0.000|0.000|0.000|0.000|0.000|0.000
215,0,STAY,-0.5,668.0,197.0,27,13,9,0,1,2,0,1,0,4,21,0.5,0.000|0.000|0.000|0.000|0.000|0.000
216,4,EAST,-1.0,667.0,196.0,27,13,9,0,1,2,0,1,0,1,19,0.5,0.000|0.000|0.000|0.000|0.000|0.000
217,1,NORTH,-1.0,666.0,195.0,27,14,9,2,1,1,0,0,0,2,21,0.5,0.000|0.000|0.000|0.000|0.000|0.000
218,1,NORTH,-1.0,665.0,194.0,27,14,8,2,1,1,0,0,1,1,20,0.5,0.000|0.000|0.000|0.000|0.000|0.000
219,0,STAY,-0.5,664.5,193.5,27,14,7,1,0,2,0,0,2,4,16,0.5,0.000|0.000|0.000|0.000|0.000|0.000
220,4,EAST,-1.0,663.5,192.5,27,14,7,1,0,2,0,0,2,1,18,0.5,0.000|0.000|0.000|0.000|0.000|0.000
221,0,STAY,-0.5,663.0,192.0,27,15,7,3,0,1,0,-1,2,5,20,0.5,0.000|0.000|0.000|0.000|0.000|0.000
222,4,EAST,-1.0,662.0,191.0,27,15,7,3,0,1,0,-1,2,2,20,0.5,0.000|0.000|0.000|0.000|0.000|0.000
223,5,EAT,31.0,693.0,200.0,28,16,7,4,0,0,0,0,-2,3,21,0.5,0.000|0.000|0.000|0.000|0.000|0.000
224,4,EAST,-1.0,692.0,199.0,28,16,7,3,0,1,0,0,-2,1,20,0.5,0.000|0.000|0.000|0.000|0.000|0.000
225,5,EAT,21.0,713.0,200.0,29,17,7,4,0,0,0,0,-3,2,20,0.5,0.000|0.000|0.000|0.000|0.000|0.000
226,4,EAST,-1.0,712.0,199.0,29,17,7,3,0,1,0,0,-3,1,19,0.5,0.000|0.000|0.000|0.000|0.000|0.000
227,5,EAT,26.0,738.0,200.0,30,18,7,4,0,0,0,-1,-3,3,21,0.5,0.000|0.000|0.000|0.000|0.000|0.000
228,2,SOUTH,-1.0,737.0,199.0,30,18,7,3,0,0,1,-1,-3,1,17,0.5,0.000|0.000|0.000|0.000|0.000|0.000
229,5,EAT,31.0,768.0,200.0,31,18,8,5,0,0,0,-4,1,3,19,0.5,0.000|0.000|0.000|0.000|0.000|0.000
230,4,EAST,-1.0,767.0,199.0,31,18,8,4,0,1,0,-4,1,1,18,0.5,0.000|0.000|0.000|0.000|0.000|0.000
231,5,EAT,34.0,801.0,200.0,32,19,8,3,0,0,0,0,-5,3,22,0.5,0.000|0.000|0.000|0.000|0.000|0.000
232,2,SOUTH,-1.0,800.0,199.0,32,19,8,2,0,0,-1,0,-5,2,21,0.5,0.000|0.000|0.000|0.000|0.000|0.000
233,3,WEST,-1.0,799.0,198.0,32,19,9,1,0,-1,0,-5,0,2,20,0.5,0.000|0.000|0.000|0.000|0.000|0.000
234,5,EAT,18.0,817.0,200.0,33,18,9,2,0,0,0,-4,0,2,21,0.5,0.000|0.000|0.000|0.000|0.000|0.000
235,3,WEST,-1.0,816.0,199.0,33,18,9,1,0,-1,0,-4,0,1,20,0.5,0.000|0.000|0.000|0.000|0.000|0.000
236,5,EAT,32.0,848.0,200.0,34,17,9,2,0,0,0,-3,0,2,22,0.5,0.000|0.000|0.000|0.000|0.000|0.000
237,3,WEST,-1.0,847.0,199.0,34,17,9,1,0,-2,0,-3,0,1,22,0.5,0.000|0.000|0.000|0.000|0.000|0.000
238,0,STAY,-0.5,846.5,198.5,34,16,9,3,0,-1,0,-2,0,4,24,0.5,0.000|0.000|0.000|0.000|0.000|0.000
239,3,WEST,-1.0,845.5,197.5,34,16,9,3,0,-1,0,-2,0,3,16,0.5,0.000|0.000|0.000|0.000|0.000|0.000
240,5,EAT,18.0,863.5,200.0,35,15,9,3,1,0,0,-1,0,2,15,0.5,0.000|0.000|0.000|0.000|0.000|0.000
241,4,EAST,-1.0,862.5,199.0,35,15,9,2,1,0,-1,-1,0,1,16,0.5,0.000|0.000|0.000|0.000|0.000|0.000
242,4,EAST,-1.0,861.5,198.0,35,16,9,2,0,0,-1,-2,0,1,16,0.5,0.000|0.000|0.000|0.000|0.000|0.000
243,3,WEST,-1.0,860.5,197.0,35,17,9,1,0,-1,-1,-3,0,1,19,0.5,0.000|0.000|0.000|0.000|0.000|0.000
244,1,NORTH,-1.0,859.5,196.0,35,16,9,2,0,0,-1,-2,0,1,16,0.5,0.000|0.000|0.000|0.000|0.000|0.000
245,5,EAT,34.0,893.5,200.0,36,16,8,2,0,0,0,-2,1,2,17,0.5,0.000|0.000|0.000|0.000|0.000|0.000
246,0,STAY,-0.5,893.0,199.5,36,16,8,1,0,-1,0,-2,1,4,16,0.5,0.000|0.000|0.000|0.000|0.000|0.000
247,3,WEST,-1.0,892.0,198.5,36,16,8,1,0,-1,0,-2,1,1,14,0.5,0.000|0.000|0.000|0.000|0.000|0.000
248,5,EAT,22.0,914.0,200.0,37,15,8,1,1,0,0,-1,1,2,16,0.5,0.000|0.000|0.000|0.000|0.000|0.000
249,1,NORTH,-1.0,913.0,199.0,37,15,8,0,1,0,-3,-1,1,1,17,0.5,0.000|0.000|0.000|0.000|0.000|0.000
250,1,NORTH,-1.0,912.0,198.0,37,15,7,0,0,0,-2,-1,2,1,16,0.5,0.000|0.000|0.000|0.000|0.000|0.000
251,1,NORTH,-1.0,911.0,197.0,37,15,6,1,1,0,-1,1,-1,1,16,0.5,0.000|0.000|0.000|0.000|0.000|0.000
252,5,EAT,35.0,946.0,200.0,38,15,5,1,1,0,0,1,0,2,16,0.5,0.000|0.000|0.000|0.000|0.000|0.000
253,4,EAST,-1.0,945.0,199.0,38,15,5,0,1,3,0,1,0,1,15,0.5,0.000|0.000|0.000|0.000|0.000|0.000
254,4,EAST,-1.0,944.0,198.0,38,16,5,0,2,2,0,0,0,2,19,0.5,0.000|0.000|0.000|0.000|0.000|0.000
255,0,STAY,-0.5,943.5,197.5,38,17,5,1,2,1,0,0,-1,4,20,0.5,0.000|0.000|0.000|0.000|0.000|0.000
256,4,EAST,-1.0,942.5,196.5,38,17,5,1,2,1,0,0,-1,1,19,0.5,0.000|0.000|0.000|0.000|0.000|0.000
257,5,EAT,31.0,973.5,200.0,39,18,5,2,1,0,0,-1,-1,2,23,0.5,0.000|0.000|0.000|0.000|0.000|0.000
258,0,STAY,-0.5,973.0,199.5,39,18,5,1,1,1,0,-1,-1,3,20,0.5,0.000|0.000|0.000|0.000|0.000|0.000
259,4,EAST,-1.0,972.0,198.5,39,18,5,1,1,1,0,-1,-1,1,17,0.5,0.000|0.000|0.000|0.000|0.000|0.000
260,5,EAT,24.0,996.0,200.0,40,19,5,1,0,0,0,0,-2,2,19,0.5,0.000|0.000|0.000|0.000|0.000|0.000
261,0,STAY,-0.5,995.5,199.5,40,19,5,0,0,0,2,0,-2,3,19,0.5,0.000|0.000|0.000|0.000|0.000|0.000
262,0,STAY,-0.5,995.0,199.0,40,19,5,0,0,0,2,0,-2,3,20,0.5,0.000|0.000|0.000|0.000|0.000|0.000
263,2,SOUTH,-1.0,994.0,198.0,40,19,5,0,0,0,2,0,-2,1,21,0.5,0.000|0.000|0.000|0.000|0.000|0.000
264,0,STAY,-0.5,993.5,197.5,40,19,6,1,0,0,1,0,-3,4,21,0.5,0.000|0.000|0.000|0.000|0.000|0.000
265,2,SOUTH,-1.0,992.5,196.5,40,19,6,1,0,0,1,0,-3,1,20,0.5,0.000|0.000|0.000|0.000|0.000|0.000
266,5,EAT,27.0,1019.5,200.0,41,19,7,1,0,0,0,0,-4,2,22,0.5,0.000|0.000|0.000|0.000|0.000|0.000
267,1,NORTH,-1.0,1018.5,199.0,41,19,7,0,0,0,-5,0,-4,2,22,0.5,0.000|0.000|0.000|0.000|0.000|0.000
268,0,STAY,-0.5,1018.0,198.5,41,19,6,0,0,0,-4,0,-3,3,25,0.5,0.000|0.000|0.000|0.000|0.000|0.000
269,0,STAY,-0.5,1017.5,198.0,41,19,6,0,0,0,-4,0,-3,3,9,0.5,0.000|0.000|0.000|0.000|0.000|0.000
270,2,SOUTH,-1.0,1016.5,197.0,41,19,6,0,0,0,-4,0,-3,2,9,0.5,0.000|0.000|0.000|0.000|0.000|0.000
271,2,SOUTH,-1.0,1015.5,196.0,41,19,7,0,0,0,-5,0,-4,2,10,0.5,0.000|0.000|0.000|0.000|0.000|0.000
272,0,STAY,-0.5,1015.0,195.5,41,19,8,0,0,0,-6,0,-5,3,12,0.5,0.000|0.000|0.000|0.000|0.000|0.000
273,0,STAY,-0.5,1014.5,195.0,41,19,8,0,0,0,-6,0,-5,3,14,0.5,0.000|0.000|0.000|0.000|0.000|0.000
274,0,STAY,-0.5,1014.0,194.5,41,19,8,0,0,0,-6,0,-5,4,16,0.5,0.000|0.000|0.000|0.000|0.000|0.000
275,0,STAY,-0.5,1013.5,194.0,41,19,8,0,0,0,-6,0,-5,4,18,0.5,0.000|0.000|0.000|0.000|0.000|0.000
276,0,STAY,-0.5,1013.0,193.5,41,19,8,0,0,0,-6,0,-5,4,18,0.5,0.000|0.000|0.000|0.000|0.000|0.000
277,2,SOUTH,-1.0,1012.0,192.5,41,19,8,0,0,0,-6,0,-5,5,21,0.5,0.000|0.000|0.000|0.000|0.000|0.000
278,0,STAY,-0.5,1011.5,192.0,41,19,9,0,0,0,-7,-5,0,4,25,0.5,0.000|0.000|0.000|0.000|0.000|0.000
279,0,STAY,-0.5,1011.0,191.5,41,19,9,0,0,0,-7,-5,0,3,9,0.5,0.000|0.000|0.000|0.000|0.000|0.000
280,0,STAY,-0.5,1010.5,191.0,41,19,9,0,0,-2,0,-5,0,3,12,0.5,0.000|0.000|0.000|0.000|0.000|0.000
281,3,WEST,-1.0,1009.5,190.0,41,19,9,0,0,-2,0,-5,0,4,14,0.5,0.000|0.000|0.000|0.000|0.000|0.000
282,3,WEST,-1.0,1008.5,189.0,41,18,9,1,0,-1,0,-4,0,1,13,0.5,0.000|0.000|0.000|0.000|0.000|0.000
283,5,EAT,30.0,1038.5,200.0,42,17,9,1,0,0,0,-3,0,2,14,0.5,0.000|0.000|0.000|0.000|0.000|0.000
284,1,NORTH,-1.0,1037.5,199.0,42,17,9,0,0,0,-4,-3,0,2,15,0.5,0.000|0.000|0.000|0.000|0.000|0.000
285,1,NORTH,-1.0,1036.5,198.0,42,17,8,0,0,0,-3,-3,1,2,15,0.5,0.000|0.000|0.000|0.000|0.000|0.000
286,1,NORTH,-1.0,1035.5,197.0,42,17,7,0,0,0,-2,0,-3,1,15,0.5,0.000|0.000|0.000|0.000|0.000|0.000
287,2,SOUTH,-1.0,1034.5,196.0,42,17,6,1,1,0,-1,0,-2,1,15,0.5,0.000|0.000|0.000|0.000|0.000|0.000
288,0,STAY,-0.5,1034.0,195.5,42,17,7,0,0,0,-2,0,-3,3,17,0.5,0.000|0.000|0.000|0.000|0.000|0.000
289,1,NORTH,-1.0,1033.0,194.5,42,17,7,0,0,0,-2,0,-3,1,17,0.5,0.000|0.000|0.000|0.000|0.000|0.000
290,1,NORTH,-1.0,1032.0,193.5,42,17,6,1,1,0,-1,0,-2,1,15,0.5,0.000|0.000|0.000|0.000|0.000|0.000
291,5,EAT,23.0,1055.0,200.0,43,17,5,1,2,0,0,0,-1,2,16,0.5,0.000|0.000|0.000|0.000|0.000|0.000
292,1,NORTH,-1.0,1054.0,199.0,43,17,5,0,2,1,-2,0,-1,1,16,0.5,0.000|0.000|0.000|0.000|0.000|0.000
293,3,WEST,-1.0,1053.0,198.0,43,17,4,2,2,1,-1,0,0,2,19,0.5,0.000|0.000|0.000|0.000|0.000|0.000
294,0,STAY,-0.5,1052.5,197.5,43,16,4,1,2,0,-1,1,0,4,22,0.5,0.000|0.000|0.000|0.000|0.000|0.000
295,1,NORTH,-1.0,1051.5,196.5,43,16,4,1,2,0,-1,1,0,2,24,0.5,0.000|0.000|0.000|0.000|0.000|0.000
296,5,EAT,30.0,1081.5,200.0,44,16,3,3,1,0,0,0,-2,2,26,0.5,0.000|0.000|0.000|0.000|0.000|0.000
297,1,NORTH,-1.0,1080.5,199.0,44,16,3,2,1,0,-1,0,-2,1,22,0.5,0.000|0.000|0.000|0.000|0.000|0.000
298,5,EAT,24.0,1104.5,200.0,45,16,2,3,1,0,0,0,-1,2,23,0.5,0.000|0.000|0.000|0.000|0.000|0.000
299,4,EAST,-1.0,1103.5,199.0,45,16,2,2,1,1,0,0,-1,1,11,0.5,0.000|0.000|0.000|0.000|0.000|0.000
300,5,EAT,30.0,1133.5,200.0,46,17,2,4,1,0,0,-1,-1,2,14,0.5,0.000|0.000|0.000|0.000|0.000|0.000
301,1,NORTH,-1.0,1132.5,199.0,46,17,2,3,1,0,-1,-1,-1,1,14,0.5,0.000|0.000|0.000|0.000|0.000|0.000
302,5,EAT,36.0,1168.5,200.0,47,17,1,2,1,0,0,-1,0,2,16,0.5,0.000|0.000|0.000|0.000|0.000|0.000
303,0,STAY,-0.5,1168.0,199.5,47,17,1,1,1,1,0,-1,0,4,16,0.5,0.000|0.000|0.000|0.000|0.000|0.000
304,0,STAY,-0.5,1167.5,199.0,47,17,1,1,1,1,0,-1,0,3,18,0.5,0.000|0.000|0.000|0.000|0.000|0.000
305,0,STAY,-0.5,1167.0,198.5,47,17,1,1,1,1,0,-1,0,6,22,0.5,0.000|0.000|0.000|0.000|0.000|0.000
306,4,EAST,-1.0,1166.0,197.5,47,17,1,1,1,1,0,-1,0,2,18,0.5,0.000|0.000|0.000|0.000|0.000|0.000
307,5,EAT,35.0,1201.0,200.0,48,18,1,2,0,0,0,-2,0,2,20,0.5,0.000|0.000|0.000|0.000|0.000|0.000
308,4,EAST,-1.0,1200.0,199.0,48,18,1,1,0,1,1,-2,0,1,17,0.5,0.000|0.000|0.000|0.000|0.000|0.000
309,2,SOUTH,-1.0,1199.0,198.0,48,19,1,1,0,0,1,0,2,1,17,0.5,0.000|0.000|0.000|0.000|0.000|0.000
310,5,EAT,28.0,1227.0,200.0,49,19,2,2,1,0,0,0,1,2,19,0.5,0.000|0.000|0.000|0.000|0.000|0.000
311,0,STAY,-0.5,1226.5,199.5,49,19,2,1,1,-1,1,0,1,6,21,0.5,0.000|0.000|0.000|0.000|0.000|0.000
312,0,STAY,-0.5,1226.0,199.0,49,19,2,1,1,-1,1,0,1,5,26,0.5,0.000|0.000|0.000|0.000|0.000|0.000
313,3,WEST,-1.0,1225.0,198.0,49,19,2,1,1,-1,1,0,1,2,26,0.5,0.000|0.000|0.000|0.000|0.000|0.000
314,0,STAY,-0.5,1224.5,197.5,49,18,2,1,1,0,1,1,1,6,27,0.5,0.000|0.000|0.000|0.000|0.000|0.000
315,2,SOUTH,-1.0,1223.5,196.5,49,18,2,1,1,0,1,1,1,2,27,0.5,0.000|0.000|0.000|0.000|0.000|0.000
316,5,EAT,35.0,1258.5,200.0,50,18,3,1,2,0,0,1,0,2,27,0.5,0.000|0.000|0.000|0.000|0.000|0.000
317,3,WEST,-1.0,1257.5,199.0,50,18,3,0,2,-4,-1,1,0,2,28,0.5,0.000|0.000|0.000|0.000|0.000|0.000
318,3,WEST,-1.0,1256.5,198.0,50,17,3,0,1,-3,-1,0,1,1,29,0.5,0.000|0.000|0.000|0.000|0.000|0.000
319,3,WEST,-1.0,1255.5,197.0,50,16,3,0,1,-2,-1,0,-2,1,7,0.5,0.000|0.000|0.000|0.000|0.000|0.000
320,3,WEST,-1.0,1254.5,196.0,50,15,3,1,0,-1,-1,1,-2,1,9,0.5,0.000|0.000|0.000|0.000|0.000|0.000
321,4,EAST,-1.0,1253.5,195.0,50,14,3,1,0,0,-1,-2,0,1,10,0.5,0.000|0.000|0.000|0.000|0.000|0.000
322,3,WEST,-1.0,1252.5,194.0,50,15,3,1,0,-1,-1,1,-2,1,8,0.5,0.000|0.000|0.000|0.000|0.000|0.000
323,0,STAY,-0.5,1252.0,193.5,50,14,3,1,0,0,-1,-2,0,4,12,0.5,0.000|0.000|0.000|0.000|0.000|0.000
324,0,STAY,-0.5,1251.5,193.0,50,14,3,1,0,0,-1,-2,0,4,10,0.5,0.000|0.000|0.000|0.000|0.000|0.000
325,4,EAST,-1.0,1250.5,192.0,50,14,3,1,0,0,-1,-2,0,1,11,0.5,0.000|0.000|0.000|0.000|0.000|0.000
326,3,WEST,-1.0,1249.5,191.0,50,15,3,1,0,-1,-1,1,-2,1,10,0.5,0.000|0.000|0.000|0.000|0.000|0.000
327,0,STAY,-0.5,1249.0,190.5,50,14,3,1,0,0,-1,-2,0,4,16,0.5,0.000|0.000|0.000|0.000|0.000|0.000
328,2,SOUTH,-1.0,1248.0,189.5,50,14,3,1,0,0,-1,-2,0,5,20,0.5,0.000|0.000|0.706|0.000|0.000|0.000
329,2,SOUTH,-1.0,1247.0,188.5,50,14,4,1,0,0,-2,-2,-1,6,16,0.5,0.000|0.000|0.591|0.000|0.000|0.000
330,3,WEST,-1.0,1246.0,187.5,50,14,5,3,0,-1,0,2,0,2,13,0.5,0.538|0.000|0.000|0.000|0.000|0.000
331,5,EAT,19.0,1265.0,200.0,51,13,5,2,0,0,0,-1,-2,2,15,0.5,0.000|0.000|0.000|0.000|0.000|0.000
332,2,SOUTH,-1.0,1264.0,199.0,51,13,5,1,0,0,1,-1,-2,2,16,0.5,0.000|0.000|0.000|0.000|0.000|0.000
333,5,EAT,18.0,1282.0,200.0,52,13,6,1,0,0,0,-2,0,2,17,0.5,0.000|0.000|0.000|0.000|0.000|0.000
334,4,EAST,-1.0,1281.0,199.0,52,13,6,0,0,2,0,-2,0,2,20,0.5,0.000|0.000|0.000|0.000|0.000|0.000
335,4,EAST,-1.0,1280.0,198.0,52,14,6,1,0,1,0,0,3,2,18,0.5,0.000|0.000|0.000|0.000|0.000|0.000
336,5,EAT,34.0,1314.0,200.0,53,15,6,2,1,0,0,1,-1,2,21,0.5,0.000|0.000|0.000|0.000|0.000|0.000
337,4,EAST,-1.0,1313.0,199.0,53,15,6,1,1,1,0,1,-1,1,19,0.5,0.000|0.000|0.000|0.000|0.000|0.000
338,5,EAT,31.0,1344.0,200.0,54,16,6,1,1,0,0,0,-1,2,22,0.5,0.000|0.000|0.000|0.000|0.000|0.000
339,2,SOUTH,-1.0,1343.0,199.0,54,16,6,0,1,1,2,0,-1,1,10,0.5,0.000|0.000|0.000|0.000|0.000|0.000
340,4,EAST,-1.0,1342.0,198.0,54,16,7,1,0,1,1,0,-2,1,10,0.5,0.000|0.000|0.000|0.000|0.000|0.000
341,2,SOUTH,-1.0,1341.0,197.0,54,17,7,1,0,0,1,0,-3,1,10,0.5,0.000|0.000|0.000|0.000|0.000|0.000
342,5,EAT,23.0,1364.0,200.0,55,17,8,2,0,0,0,-3,1,2,9,0.5,0.000|0.000|0.000|0.000|0.000|0.000
343,0,STAY,-0.5,1363.5,199.5,55,17,8,1,0,2,0,-3,1,4,13,0.5,0.000|0.000|0.000|0.000|0.000|0.000
344,4,EAST,-1.0,1362.5,198.5,55,17,8,1,0,2,0,-3,1,1,11,0.5,0.000|0.000|0.000|0.000|0.000|0.000
345,4,EAST,-1.0,1361.5,197.5,55,18,8,2,0,1,0,-4,1,1,12,0.5,0.000|0.000|0.000|0.000|0.000|0.000
346,5,EAT,35.0,1396.5,200.0,56,19,8,2,0,0,0,0,-5,3,13,0.5,0.000|0.000|0.000|0.000|0.000|0.000
347,2,SOUTH,-1.0,1395.5,199.0,56,19,8,1,0,-1,1,0,-5,2,11,0.5,0.000|0.000|0.000|0.000|0.000|0.000
348,0,STAY,-0.5,1395.0,198.5,56,19,9,1,0,-1,0,-5,0,4,12,0.5,0.000|0.000|0.000|0.000|0.000|0.000
349,0,STAY,-0.5,1394.5,198.0,56,19,9,1,0,-1,0,-5,0,4,13,0.5,0.000|0.000|0.000|0.000|0.000|0.000
350,0,STAY,-0.5,1394.0,197.5,56,19,9,1,0,-1,0,-5,0,3,12,0.5,0.000|0.000|0.000|0.000|0.000|0.000
351,3,WEST,-1.0,1393.0,196.5,56,19,9,1,0,-1,0,-5,0,2,13,0.5,0.000|0.000|0.000|0.000|0.000|0.000
352,5,EAT,18.0,1411.0,200.0,57,18,9,1,0,0,0,-4,0,2,14,0.5,0.000|0.000|0.000|0.000|0.000|0.000
353,3,WEST,-1.0,1410.0,199.0,57,18,9,0,0,-6,-1,-4,0,2,15,0.5,0.000|0.000|0.000|0.000|0.000|0.000
354,3,WEST,-1.0,1409.0,198.0,57,17,9,0,0,-5,-1,-3,0,2,16,0.5,0.000|0.000|0.000|0.000|0.000|0.000
355,0,STAY,-0.5,1408.5,197.5,57,16,9,0,0,-4,-1,-2,0,4,17,0.5,0.000|0.000|0.000|0.000|0.000|0.000
356,4,EAST,-1.0,1407.5,196.5,57,16,9,0,0,-4,-1,-2,0,3,17,0.5,0.552|0.000|0.000|0.000|0.000|0.000
357,4,EAST,-1.0,1406.5,195.5,57,17,9,0,0,-5,-1,-3,0,2,17,0.5,0.000|0.000|0.000|0.000|0.000|0.000
358,3,WEST,-1.0,1405.5,194.5,57,18,9,0,0,-6,-1,-4,0,2,17,0.5,0.000|0.000|0.000|0.000|0.000|0.000
359,0,STAY,-0.5,1405.0,194.0,57,17,9,0,0,-5,-1,-3,0,4,18,0.5,0.000|0.000|0.000|0.000|0.000|0.000
360,0,STAY,-0.5,1404.5,193.5,57,17,9,0,0,-5,-1,-3,0,4,23,0.5,0.000|0.000|0.000|0.000|0.000|0.000
361,3,WEST,-1.0,1403.5,192.5,57,17,9,0,0,-5,-1,-3,0,2,17,0.5,0.000|0.000|0.000|0.000|0.000|0.000
362,0,STAY,-0.5,1403.0,192.0,57,16,9,0,0,-4,-1,-2,0,4,17,0.5,0.000|0.000|0.000|0.000|0.000|0.000
363,3,WEST,-1.0,1402.0,191.0,57,16,9,0,0,-4,-1,-2,0,1,15,0.5,0.000|0.000|0.000|0.000|0.000|0.000
364,3,WEST,-1.0,1401.0,190.0,57,15,9,0,1,-3,-1,-1,0,1,15,0.5,0.000|0.000|0.000|0.000|0.000|0.000
365,4,EAST,-1.0,1400.0,189.0,57,14,9,0,1,-2,-1,0,0,2,18,0.5,0.000|0.000|0.000|0.000|0.000|0.000
366,3,WEST,-1.0,1399.0,188.0,57,15,9,0,1,-3,-1,-1,0,1,18,0.5,0.000|0.000|0.000|0.000|0.000|0.000
367,3,WEST,-1.0,1398.0,187.0,57,14,9,0,1,-2,-1,0,0,2,17,0.5,0.000|0.000|0.000|0.000|0.000|0.000
368,3,WEST,-1.0,1397.0,186.0,57,13,9,1,1,-1,-1,1,0,1,17,0.5,0.000|0.000|0.000|0.000|0.000|0.000
369,0,STAY,-0.5,1396.5,185.5,57,12,9,1,0,0,-1,2,0,4,16,0.5,0.000|0.000|0.000|0.000|0.000|0.000
370,0,STAY,-0.5,1396.0,185.0,57,12,9,1,0,0,-1,2,0,4,23,0.5,0.000|0.000|0.000|0.000|0.000|0.000
371,1,NORTH,-1.0,1395.0,184.0,57,12,9,1,0,0,-1,2,0,1,19,0.5,0.000|0.000|0.000|0.000|0.000|0.000
372,5,EAT,36.0,1431.0,200.0,58,12,8,1,0,0,0,2,1,2,20,0.5,0.000|0.000|0.000|0.000|0.000|0.000
373,3,WEST,-1.0,1430.0,199.0,58,12,8,0,0,-2,0,2,1,1,18,0.5,0.000|0.000|0.000|0.000|0.000|0.000
374,0,STAY,-0.5,1429.5,198.5,58,11,8,3,0,-1,0,0,-2,4,20,0.5,0.000|0.000|0.000|0.000|0.000|0.000
375,0,STAY,-0.5,1429.0,198.0,58,11,8,3,0,-1,0,0,-2,4,21,0.5,0.000|0.000|0.000|0.000|0.000|0.000
376,3,WEST,-1.0,1428.0,197.0,58,11,8,3,0,-1,0,0,-2,1,20,0.5,0.000|0.000|0.000|0.000|0.000|0.000
377,5,EAT,38.0,1466.0,200.0,59,10,8,4,0,0,0,-2,0,2,20,0.5,0.000|0.000|0.000|0.000|0.000|0.000
378,1,NORTH,-1.0,1465.0,199.0,59,10,8,3,0,0,-1,-2,0,1,21,0.5,0.000|0.000|0.000|0.000|0.000|0.000
379,5,EAT,34.0,1499.0,200.0,60,10,7,3,1,0,0,1,-1,2,12,0.5,0.000|0.000|0.000|0.000|0.000|0.000
380,3,WEST,-1.0,1498.0,199.0,60,10,7,2,1,-1,0,1,-1,1,11,0.5,0.000|0.000|0.000|0.000|0.000|0.000
381,5,EAT,29.0,1527.0,200.0,61,9,7,4,1,0,0,-2,0,2,10,0.5,0.000|0.000|0.000|0.000|0.000|0.000
382,3,WEST,-1.0,1526.0,199.0,61,9,7,3,1,-1,0,-2,0,2,11,0.5,0.000|0.000|0.000|0.000|0.539|0.000
383,5,EAT,18.0,1544.0,200.0,62,8,7,4,2,0,0,-1,0,2,11,0.5,0.000|0.000|0.000|0.000|0.000|0.000
384,1,NORTH,-1.0,1543.0,199.0,62,8,7,3,2,0,-1,-1,0,2,14,0.5,0.000|0.000|0.000|0.000|0.531|0.000
385,5,EAT,35.0,1578.0,200.0,63,8,6,4,1,0,0,-1,1,3,16,0.5,0.000|0.000|0.000|0.000|0.000|0.000
386,4,EAST,-1.0,1577.0,199.0,63,8,6,3,1,0,-1,-1,1,2,14,0.5,0.000|0.000|0.000|0.000|0.570|0.000
387,5,EAT,25.0,1602.0,200.0,64,9,6,2,0,0,0,2,0,2,14,0.5,0.000|0.000|0.000|0.000|0.000|0.000
388,3,WEST,-1.0,1601.0,199.0,64,9,6,1,0,-1,-1,2,0,2,14,0.5,0.000|0.000|0.000|0.000|0.509|0.000
389,1,NORTH,-1.0,1600.0,198.0,64,8,6,2,1,0,-1,-1,1,1,13,0.5,0.000|0.000|0.000|0.000|0.000|0.000
390,5,EAT,35.0,1635.0,200.0,65,8,5,2,0,0,0,-2,0,2,12,0.5,0.000|0.000|0.000|0.000|0.000|0.000
391,3,WEST,-1.0,1634.0,199.0,65,8,5,1,0,-1,0,-2,0,1,14,0.5,0.000|0.000|0.000|0.000|0.000|0.000
392,5,EAT,27.0,1661.0,200.0,66,7,5,1,1,0,0,-1,0,2,14,0.5,0.000|0.000|0.000|0.000|0.000|0.000
393,1,NORTH,-1.0,1660.0,199.0,66,7,5,0,1,0,-2,-1,0,2,14,0.5,0.000|0.000|0.000|0.000|0.517|0.000
394,1,NORTH,-1.0,1659.0,198.0,66,7,4,1,2,0,-1,-2,0,1,13,0.5,0.000|0.000|0.000|0.000|0.000|0.000
395,5,EAT,32.0,1691.0,200.0,67,7,3,1,1,0,0,-1,0,2,13,0.5,0.000|0.000|0.000|0.000|0.000|0.000
396,4,EAST,-1.0,1690.0,199.0,67,7,3,0,1,2,0,-1,0,2,14,0.5,0.000|0.000|0.000|0.000|0.518|0.000
397,0,STAY,-0.5,1689.5,198.5,67,8,3,1,0,1,0,-2,0,3,16,0.5,0.000|0.000|0.000|0.000|0.000|0.000
398,4,EAST,-1.0,1688.5,197.5,67,8,3,1,0,1,0,-2,0,1,18,0.5,0.000|0.000|0.000|0.000|0.000|0.000
399,5,EAT,20.0,1708.5,200.0,68,9,3,4,0,0,0,2,-1,2,16,0.5,0.000|0.000|0.000|0.000|0.000|0.000
400,0,STAY,-0.5,1708.0,199.5,68,9,3,3,0,1,0,2,-1,4,20,0.5,0.000|0.000|0.000|0.000|0.000|0.000
401,4,EAST,-1.0,1707.0,198.5,68,9,3,3,0,1,0,2,-1,1,17,0.5,0.000|0.000|0.000|0.000|0.000|0.000
402,5,EAT,26.0,1733.0,200.0,69,10,3,3,2,0,0,1,-1,2,18,0.5,0.000|0.000|0.000|0.000|0.000|0.000
403,1,NORTH,-1.0,1732.0,199.0,69,10,3,2,2,0,-1,1,-1,1,17,0.5,0.000|0.000|0.000|0.000|0.000|0.000
404,5,EAT,25.0,1757.0,200.0,70,10,2,1,1,0,0,1,0,2,16,0.5,0.000|0.000|0.000|0.000|0.000|0.000
405,0,STAY,-0.5,1756.5,199.5,70,10,2,0,1,0,-2,1,0,3,18,0.5,0.000|0.000|0.000|0.000|0.000|0.000
406,1,NORTH,-1.0,1755.5,198.5,70,10,2,0,1,0,-2,1,0,1,16,0.5,0.000|0.000|0.000|0.000|0.000|0.000
407,3,WEST,-1.0,1754.5,197.5,70,10,1,2,1,0,-1,1,1,1,16,0.5,0.000|0.000|0.000|0.000|0.000|0.000
408,3,WEST,-1.0,1753.5,196.5,70,9,1,3,0,-1,0,2,1,1,17,0.5,0.000|0.000|0.000|0.000|0.000|0.000
409,5,EAT,25.0,1778.5,200.0,71,8,1,3,0,0,0,3,1,2,16,0.5,0.000|0.000|0.000|0.000|0.000|0.000
410,0,STAY,-0.5,1778.0,199.5,71,8,1,2,0,-1,-1,3,1,5,25,0.5,0.000|0.000|0.000|0.000|0.000|0.000
411,3,WEST,-1.0,1777.0,198.5,71,8,1,2,0,-1,-1,3,1,2,25,0.5,0.000|0.558|0.000|0.000|0.000|0.000
412,0,STAY,-0.5,1776.5,198.0,71,7,1,1,0,0,-1,-1,2,5,30,0.5,0.000|0.000|0.000|0.000|0.000|0.000
413,1,NORTH,-1.0,1775.5,197.0,71,7,1,1,0,0,-1,-1,2,4,28,0.5,0.000|0.561|0.000|0.000|0.000|0.000
414,5,EAT,22.0,1797.5,200.0,72,7,0,1,0,0,0,-1,3,2,28,0.5,0.000|0.000|0.000|0.000|0.000|0.000
415,4,EAST,-1.0,1796.5,199.0,72,7,0,0,0,2,0,-1,3,1,27,0.5,0.000|0.000|0.000|0.000|0.000|0.000
416,3,WEST,-1.0,1795.5,198.0,72,8,0,1,0,1,0,3,2,1,28,0.5,0.000|0.000|0.000|0.000|0.000|0.000
417,0,STAY,-0.5,1795.0,197.5,72,7,0,0,0,2,0,-1,3,4,29,0.5,0.000|0.000|0.000|0.000|0.000|0.000
418,4,EAST,-1.0,1794.0,196.5,72,7,0,0,0,2,0,-1,3,2,30,0.5,0.000|0.000|0.000|0.000|0.000|0.000
419,4,EAST,-1.0,1793.0,195.5,72,8,0,1,0,1,0,3,2,1,6,0.5,0.000|0.000|0.000|0.000|0.000|0.000
420,5,EAT,31.0,1824.0,200.0,73,9,0,2,0,0,0,2,2,2,8,0.5,0.000|0.000|0.000|0.000|0.000|0.000
421,0,STAY,-0.5,1823.5,199.5,73,9,0,1,0,1,0,2,2,4,10,0.5,0.000|0.000|0.000|0.000|0.000|0.000
422,4,EAST,-1.0,1822.5,198.5,73,9,0,1,0,1,0,2,2,2,12,0.5,0.000|0.000|0.000|0.000|0.000|0.000
423,5,EAT,35.0,1857.5,200.0,74,10,0,1,0,0,0,1,2,2,11,0.5,0.000|0.000|0.000|0.000|0.000|0.000
424,2,SOUTH,-1.0,1856.5,199.0,74,10,0,0,0,0,3,1,2,1,11,0.5,0.000|0.000|0.000|0.000|0.000|0.000
425,2,SOUTH,-1.0,1855.5,198.0,74,10,1,0,1,0,2,1,1,1,12,0.5,0.000|0.000|0.000|0.000|0.000|0.000
426,3,WEST,-1.0,1854.5,197.0,74,10,2,1,1,0,1,1,0,1,11,0.5,0.000|0.000|0.000|0.000|0.000|0.000
427,0,STAY,-0.5,1854.0,196.5,74,9,2,1,0,1,1,2,0,5,14,0.5,0.000|0.000|0.000|0.000|0.000|0.000
428,4,EAST,-1.0,1853.0,195.5,74,9,2,1,0,1,1,2,0,2,15,0.5,0.000|0.000|0.000|0.000|0.000|0.000
429,0,STAY,-0.5,1852.5,195.0,74,10,2,1,1,0,1,1,0,5,19,0.5,0.000|0.000|0.000|0.000|0.000|0.000
430,0,STAY,-0.5,1852.0,194.5,74,10,2,1,1,0,1,1,0,5,20,0.5,0.000|0.000|0.000|0.000|0.000|0.000
431,2,SOUTH,-1.0,1851.0,193.5,74,10,2,1,1,0,1,1,0,2,23,0.5,0.000|0.000|0.000|0.000|0.000|0.000
432,5,EAT,22.0,1873.0,200.0,75,10,3,2,2,0,0,1,-1,2,20,0.5,0.000|0.000|0.000|0.000|0.000|0.000
433,3,WEST,-1.0,1872.0,199.0,75,10,3,1,2,0,1,1,-1,1,18,0.5,0.000|0.000|0.000|0.000|0.000|0.000
434,4,EAST,-1.0,1871.0,198.0,75,9,3,1,0,1,1,2,-1,1,20,0.5,0.000|0.000|0.000|0.000|0.000|0.000
435,2,SOUTH,-1.0,1870.0,197.0,75,10,3,1,2,0,1,1,-1,1,19,0.5,0.000|0.000|0.000|0.000|0.000|0.000
436,5,EAT,37.0,1907.0,200.0,76,10,4,2,1,0,0,1,0,2,18,0.5,0.000|0.000|0.000|0.000|0.000|0.000
437,4,EAST,-1.0,1906.0,199.0,76,10,4,1,1,1,1,1,0,1,18,0.5,0.000|0.000|0.000|0.000|0.000|0.000
438,4,EAST,-1.0,1905.0,198.0,76,11,4,1,2,0,1,0,0,2,20,0.5,0.000|0.000|0.000|0.000|0.000|0.000
439,3,WEST,-1.0,1904.0,197.0,76,12,4,2,2,-1,1,0,-1,1,12,0.5,0.000|0.000|0.000|0.000|0.000|0.000
440,2,SOUTH,-1.0,1903.0,196.0,76,11,4,1,2,0,1,0,0,2,11,0.5,0.000|0.000|0.000|0.000|0.000|0.000
441,5,EAT,24.0,1927.0,200.0,77,11,5,1,2,0,0,0,-1,2,12,0.5,0.000|0.000|0.000|0.000|0.000|0.000
442,2,SOUTH,-1.0,1926.0,199.0,77,11,5,0,2,2,1,0,-1,1,12,0.5,0.000|0.000|0.000|0.000|0.000|0.000
443,1,NORTH,-1.0,1925.0,198.0,77,11,6,0,1,2,0,0,0,2,13,0.5,0.000|0.000|0.000|0.000|0.000|0.000
444,0,STAY,-0.5,1924.5,197.5,77,11,5,0,2,2,1,0,-1,5,15,0.5,0.000|0.000|0.000|0.000|0.000|0.000
445,0,STAY,-0.5,1924.0,197.0,77,11,5,0,2,2,1,0,-1,4,15,0.5,0.000|0.000|0.000|0.000|0.000|0.000
446,2,SOUTH,-1.0,1923.0,196.0,77,11,5,0,2,2,1,0,-1,3,15,0.5,0.000|0.000|0.000|0.000|0.000|0.000
447,3,WEST,-1.0,1922.0,195.0,77,11,6,0,1,2,0,0,0,2,17,0.5,0.000|0.000|0.000|0.000|0.000|0.000
448,3,WEST,-1.0,1921.0,194.0,77,10,6,1,1,-1,1,1,0,1,16,0.5,0.000|0.000|0.000|0.000|0.000|0.000
449,2,SOUTH,-1.0,1920.0,193.0,77,9,6,1,0,0,1,2,0,1,16,0.5,0.000|0.000|0.000|0.000|0.000|0.000
450,5,EAT,33.0,1953.0,200.0,78,9,7,2,1,0,0,-2,0,2,17,0.5,0.000|0.000|0.000|0.000|0.000|0.000
451,4,EAST,-1.0,1952.0,199.0,78,9,7,1,1,1,1,-2,0,1,17,0.5,0.000|0.000|0.000|0.000|0.000|0.000
452,2,SOUTH,-1.0,1951.0,198.0,78,10,7,1,1,0,1,1,-1,1,18,0.5,0.000|0.000|0.000|0.000|0.000|0.000
453,5,EAT,26.0,1977.0,200.0,79,10,8,2,0,0,0,-2,0,2,20,0.5,0.000|0.000|0.000|0.000|0.000|0.000
454,0,STAY,-0.5,1976.5,199.5,79,10,8,1,0,0,1,-2,0,3,23,0.5,0.000|0.000|0.000|0.000|0.000|0.000
455,2,SOUTH,-1.0,1975.5,198.5,79,10,8,1,0,0,1,-2,0,2,20,0.5,0.000|0.000|0.000|0.000|0.000|0.000
456,5,EAT,19.0,1994.5,200.0,80,10,9,1,0,0,0,-2,-1,2,20,0.5,0.000|0.000|0.000|0.000|0.000|0.000
457,0,STAY,-0.5,1994.0,199.5,80,10,9,0,0,-2,0,-2,-1,4,21,0.5,0.000|0.000|0.000|0.000|0.000|0.000
458,3,WEST,-1.0,1993.0,198.5,80,10,9,0,0,-2,0,-2,-1,1,21,0.5,0.000|0.000|0.000|0.000|0.000|0.000
459,3,WEST,-1.0,1992.0,197.5,80,9,9,1,1,-1,0,-1,-1,1,12,0.5,0.000|0.000|0.000|0.000|0.000|0.000
460,5,EAT,29.0,2021.0,200.0,81,8,9,2,1,0,0,0,-1,2,13,0.5,0.000|0.000|0.000|0.000|0.000|0.000
461,3,WEST,-1.0,2020.0,199.0,81,8,9,1,1,-1,-1,0,-1,1,12,0.5,0.000|0.000|0.000|0.000|0.000|0.000
462,1,NORTH,-1.0,2019.0,198.0,81,7,9,2,1,0,-1,0,-2,1,13,0.5,0.000|0.000|0.000|0.000|0.000|0.000
463,5,EAT,21.0,2040.0,200.0,82,7,8,2,2,0,0,0,-1,2,13,0.5,0.000|0.000|0.000|0.000|0.000|0.000
464,3,WEST,-1.0,2039.0,199.0,82,7,8,1,2,-1,0,0,-1,1,12,0.5,0.000|0.000|0.000|0.000|0.000|0.000
465,5,EAT,30.0,2069.0,200.0,83,6,8,2,1,0,0,1,-1,2,14,0.5,0.000|0.000|0.000|0.000|0.000|0.000
466,3,WEST,-1.0,2068.0,199.0,83,6,8,1,1,-1,0,1,-1,1,13,0.5,0.000|0.000|0.000|0.000|0.000|0.000
467,5,EAT,26.0,2094.0,200.0,84,5,8,3,0,0,0,2,-1,2,12,0.5,0.000|0.000|0.000|0.000|0.000|0.000
468,0,STAY,-0.5,2093.5,199.5,84,5,8,2,0,-1,0,2,-1,5,14,0.5,0.000|0.000|0.000|0.000|0.000|0.000
469,0,STAY,-0.5,2093.0,199.0,84,5,8,2,0,-1,0,2,-1,4,17,0.5,0.000|0.000|0.000|0.000|0.000|0.000
470,0,STAY,-0.5,2092.5,198.5,84,5,8,2,0,-1,0,2,-1,4,17,0.5,0.000|0.000|0.000|0.000|0.000|0.000
471,0,STAY,-0.5,2092.0,198.0,84,5,8,2,0,-1,0,2,-1,4,18,0.5,0.000|0.000|0.000|0.000|0.000|0.000
472,0,STAY,-0.5,2091.5,197.5,84,5,8,2,0,-1,0,2,-1,4,19,0.5,0.000|0.000|0.000|0.000|0.000|0.000
473,3,WEST,-1.0,2090.5,196.5,84,5,8,2,0,-1,0,2,-1,2,17,0.5,0.000|0.000|0.000|0.000|0.000|0.000
474,5,EAT,25.0,2115.5,200.0,85,4,8,3,0,0,0,-3,0,2,17,0.5,0.000|0.000|0.000|0.000|0.000|0.000
475,2,SOUTH,-1.0,2114.5,199.0,85,4,8,2,0,0,1,-3,0,1,16,0.5,0.000|0.000|0.000|0.000|0.000|0.000
476,5,EAT,24.0,2138.5,200.0,86,4,9,1,0,0,0,-2,0,2,17,0.5,0.000|0.000|0.000|0.000|0.000|0.000
477,0,STAY,-0.5,2138.0,199.5,86,4,9,0,0,-1,-2,-2,0,4,18,0.5,0.000|0.000|0.000|0.000|0.000|0.000
478,0,STAY,-0.5,2137.5,199.0,86,4,9,0,0,-1,-2,-2,0,4,22,0.5,0.000|0.000|0.000|0.000|0.000|0.000
479,0,STAY,-0.5,2137.0,198.5,86,4,9,0,0,-1,-2,-2,0,4,8,0.5,0.000|0.000|0.000|0.000|0.000|0.000
480,1,NORTH,-1.0,2136.0,197.5,86,4,9,1,0,0,-1,-2,0,1,8,0.5,0.000|0.000|0.000|0.000|0.000|0.000
481,5,EAT,29.0,2165.0,200.0,87,4,8,2,0,0,0,-3,0,2,10,0.5,0.000|0.000|0.000|0.000|0.000|0.000
482,3,WEST,-1.0,2164.0,199.0,87,4,8,1,0,-1,-1,-3,0,1,11,0.5,0.000|0.000|0.000|0.000|0.000|0.000
483,1,NORTH,-1.0,2163.0,198.0,87,3,8,2,1,0,-1,-2,0,1,11,0.5,0.000|0.000|0.000|0.000|0.000|0.000
484,5,EAT,23.0,2186.0,200.0,88,3,7,4,0,0,0,-1,-2,2,12,0.5,0.000|0.000|0.000|0.000|0.000|0.000
485,1,NORTH,-1.0,2185.0,199.0,88,3,7,3,0,0,-1,-1,-2,1,12,0.5,0.000|0.000|0.000|0.000|0.000|0.000
486,5,EAT,26.0,2211.0,200.0,89,3,6,5,1,0,0,-1,-1,3,15,0.5,0.000|0.000|0.000|0.000|0.000|0.000
487,4,EAST,-1.0,2210.0,199.0,89,3,6,4,1,1,0,-1,-1,1,15,0.5,0.000|0.000|0.000|0.000|0.000|0.000
488,5,EAT,29.0,2239.0,200.0,90,4,6,3,0,0,0,1,-2,2,17,0.5,0.000|0.000|0.000|0.000|0.000|0.000
489,0,STAY,-0.5,2238.5,199.5,90,4,6,2,0,0,-1,1,-2,3,17,0.5,0.000|0.000|0.000|0.000|0.000|0.000
490,0,STAY,-0.5,2238.0,199.0,90,4,6,2,0,0,-1,1,-2,4,17,0.5,0.000|0.000|0.000|0.000|0.000|0.000
491,0,STAY,-0.5,2237.5,198.5,90,4,6,2,0,0,-1,1,-2,4,17,0.5,0.000|0.000|0.000|0.000|0.000|0.000
492,1,NORTH,-1.0,2236.5,197.5,90,4,6,2,0,0,-1,1,-2,2,16,0.5,0.000|0.000|0.000|0.000|0.000|0.000
493,5,EAT,31.0,2267.5,200.0,91,4,5,2,1,0,0,1,-1,2,16,0.5,0.000|0.000|0.000|0.000|0.000|0.000
494,3,WEST,-1.0,2266.5,199.0,91,4,5,1,1,-1,0,1,-1,1,16,0.5,0.000|0.000|0.000|0.000|0.000|0.000
495,5,EAT,28.0,2294.5,200.0,92,3,5,1,1,0,0,-1,0,2,18,0.5,0.000|0.000|0.000|0.000|0.000|0.000
496,0,STAY,-0.5,2294.0,199.5,92,3,5,0,1,-2,-1,-1,0,4,20,0.5,0.000|0.000|0.000|0.000|0.000|0.000
497,3,WEST,-1.0,2293.0,198.5,92,3,5,0,1,-2,-1,-1,0,2,22,0.5,0.000|0.000|0.000|0.000|0.000|0.000
498,3,WEST,-1.0,2292.0,197.5,92,2,5,2,1,-1,-1,0,0,2,21,0.5,0.000|0.000|0.000|0.000|0.000|0.000
499,0,STAY,-0.5,2291.5,197.0,92,1,5,3,2,0,-1,-1,0,4,14,0.5,0.000|0.000|0.000|0.000|0.000|0.000
